12345678900,Introdução a Banco de Dados,27032025,999990000,teste1@posgraducao.com.br
12345678901,Introdução a Banco de Dados,27032026,999990001,teste2@posgraducao.com.br
12345678902,Introdução a Banco de Dados,27032027,999990002,teste3@posgraducao.com.br
12345678903,Introdução a Banco de Dados,27032028,999990003,teste4@posgraducao.com.br
12345678904,Introdução a Banco de Dados,27032029,999990004,teste5@posgraducao.com.br
12345678905,Introdução a Banco de Dados,27032030,999990005,teste6@posgraducao.com.br
12345678906,Introdução a Banco de Dados,27032031,999990006,teste7@posgraducao.com.br
12345678907,Introdução a Banco de Dados,27032032,999990007,teste8@posgraducao.com.br
12345678908,Introdução a Banco de Dados,27032033,999990008,teste9@posgraducao.com.br
12345678909,Introdução a Banco de Dados,27032034,999990009,teste10@posgraducao.com.br
12345678910,Introdução a Banco de Dados,27032035,999990010,teste11@posgraducao.com.br
12345678911,Introdução a Banco de Dados,27032036,999990011,teste12@posgraducao.com.br
12345678912,Introdução a Banco de Dados,27032037,999990012,teste13@posgraducao.com.br
12345678913,Introdução a Banco de Dados,27032038,999990013,teste14@posgraducao.com.br
12345678914,Introdução a Banco de Dados,27032039,999990014,teste15@posgraducao.com.br
12345678915,Introdução a Banco de Dados,27032040,999990015,teste16@posgraducao.com.br
12345678916,Introdução a Banco de Dados,27032041,999990016,teste17@posgraducao.com.br
12345678917,Introdução a Banco de Dados,27032042,999990017,teste18@posgraducao.com.br
12345678918,Introdução a Banco de Dados,27032043,999990018,teste19@posgraducao.com.br
12345678919,Introdução a Banco de Dados,27032044,999990019,teste20@posgraducao.com.br